user_id,user_name,user_fullname,user_email
USER2001,Ahmed Rostom,Ahmed Rostom,ahmed.rostom1001@gmail.com
USER2002,Mohamed ElSayed,Mohamed ElSayed,mohamed.elsayed1002@gmail.com
USER2003,Mahmoud Osman,Mahmoud Osman,mahmoud.osman1003@gmail.com
USER2004,Omar Fawzy,Omar Fawzy,omar.fawzy1004@gmail.com
USER2005,Ali Taha,Ali Taha,ali.taha1005@gmail.com
USER2006,Hassan Malek,Hassan Malek,hassan.malek1006@gmail.com
USER2007,Kareem Emad,Kareem Emad,kareem.emad1007@gmail.com
USER2008,Tarek Mostafa,Tarek Mostafa,tarek.mostafa1008@gmail.com
USER2009,Youssef Farrag,Youssef Farrag,youssef.farrag1009@gmail.com
USER2010,Amr Khalil,Amr Khalil,amr.khalil1010@gmail.com
USER2011,Hisham Galal,Hisham Galal,hisham.galal1011@gmail.com
USER2012,Mona Lotfy,Mona Lotfy,mona.lotfy1012@gmail.com
USER2013,Dina Nabil,Dina Nabil,dina.nabil1013@gmail.com
USER2014,Salma Kamel,Salma Kamel,salma.kamel1014@gmail.com
USER2015,Nour Fathy,Nour Fathy,nour.fathy1015@gmail.com
USER2016,Sara Karim,Sara Karim,sara.karim1016@gmail.com
USER2017,Rana Shalaby,Rana Shalaby,rana.shalaby1017@gmail.com
USER2018,Aya Zaki,Aya Zaki,aya.zaki1018@gmail.com
USER2019,Mai Helmy,Mai Helmy,mai.helmy1019@gmail.com
USER2020,Huda Abbas,Huda Abbas,huda.abbas1020@gmail.com
USER2021,Ahmed Rostom,Ahmed Rostom,ahmed.rostom1021@gmail.com
USER2022,Mohamed ElSayed,Mohamed ElSayed,mohamed.elsayed1022@gmail.com
USER2023,Mahmoud Osman,Mahmoud Osman,mahmoud.osman1023@gmail.com
USER2024,Omar Fawzy,Omar Fawzy,omar.fawzy1024@gmail.com
USER2025,Ali Taha,Ali Taha,ali.taha1025@gmail.com
USER2026,Hassan Malek,Hassan Malek,hassan.malek1026@gmail.com
USER2027,Kareem Emad,Kareem Emad,kareem.emad1027@gmail.com
USER2028,Tarek Mostafa,Tarek Mostafa,tarek.mostafa1028@gmail.com
USER2029,Youssef Farrag,Youssef Farrag,youssef.farrag1029@gmail.com
USER2030,Amr Khalil,Amr Khalil,amr.khalil1030@gmail.com
USER2031,Hisham Galal,Hisham Galal,hisham.galal1031@gmail.com
USER2032,Mona Lotfy,Mona Lotfy,mona.lotfy1032@gmail.com
USER2033,Dina Nabil,Dina Nabil,dina.nabil1033@gmail.com
USER2034,Salma Kamel,Salma Kamel,salma.kamel1034@gmail.com
USER2035,Nour Fathy,Nour Fathy,nour.fathy1035@gmail.com
USER2036,Sara Karim,Sara Karim,sara.karim1036@gmail.com
USER2037,Rana Shalaby,Rana Shalaby,rana.shalaby1037@gmail.com
USER2038,Aya Zaki,Aya Zaki,aya.zaki1038@gmail.com
USER2039,Mai Helmy,Mai Helmy,mai.helmy1039@gmail.com
USER2040,Huda Abbas,Huda Abbas,huda.abbas1040@gmail.com
USER2041,Ahmed Rostom,Ahmed Rostom,ahmed.rostom1041@gmail.com
USER2042,Mohamed ElSayed,Mohamed ElSayed,mohamed.elsayed1042@gmail.com
USER2043,Mahmoud Osman,Mahmoud Osman,mahmoud.osman1043@gmail.com
USER2044,Omar Fawzy,Omar Fawzy,omar.fawzy1044@gmail.com
USER2045,Ali Taha,Ali Taha,ali.taha1045@gmail.com
USER2046,Hassan Malek,Hassan Malek,hassan.malek1046@gmail.com
USER2047,Kareem Emad,Kareem Emad,kareem.emad1047@gmail.com
USER2048,Tarek Mostafa,Tarek Mostafa,tarek.mostafa1048@gmail.com
USER2049,Youssef Farrag,Youssef Farrag,youssef.farrag1049@gmail.com
USER2050,Amr Khalil,Amr Khalil,amr.khalil1050@gmail.com
